Pressure(bar),Loading(mmol/g)
0.2,0.021071972
0.8,0.090002323
1.4,0.155783241
2,0.225622706
2.6,0.289423054
3.2,0.359424861
3.8,0.423290145
4.4,0.494850434
5,0.553553248
5.6,0.624658979
6.2,0.688556732
6.8,0.777195383
7.4,0.819436733
8,0.892945124
8.6,0.944082807
9.2,1.048728365
9.8,1.10860004
10.2,1.119899033
