Pressure(bar),Loading(mmol/g)
0.2,0.099483087
0.8,0.404166275
1.4,0.718719848
2,1.05122843
2.6,1.381561631
3.2,1.753746561
3.8,2.208173874
4.4,2.458764757
5,2.865009008
5.6,3.248947488
6.2,3.625710459
6.8,4.141373118
7.4,4.410178757
8,5.066948954
8.6,5.61874891
9.2,5.986615547
9.8,6.665529173
10.2,6.948393616
